{"action":"start","level":"info","msg":"Application started successfully","status":"success","time":"2025-01-07T19:01:32+05:00"}
{"action":"get_all_users","count":53,"level":"info","method":"GET","msg":"Fetched all users","time":"2025-01-07T19:03:53+05:00"}
{"action":"get_all_users","count":53,"level":"info","method":"GET","msg":"Fetched all users","time":"2025-01-07T19:04:08+05:00"}
{"action":"start","level":"info","msg":"Application started successfully","status":"success","time":"2025-01-07T19:21:15+05:00"}
{"action":"get_all_users","count":53,"level":"info","method":"GET","msg":"Fetched all users","time":"2025-01-07T19:21:22+05:00"}
{"action":"get_user_by_id","level":"info","method":"GET","msg":"Fetched user by ID","time":"2025-01-07T19:21:28+05:00","user_id":"676156645c53e28d1f9627f0"}
{"action":"start","level":"info","msg":"Application started successfully","status":"success","time":"2025-01-07T19:25:42+05:00"}
{"action":"start","level":"info","msg":"Application started successfully","status":"success","time":"2025-01-07T19:29:49+05:00"}
{"action":"start","level":"info","msg":"Application started successfully","status":"success","time":"2025-01-07T19:35:22+05:00"}
{"action":"start","level":"info","msg":"Application started successfully","status":"success","time":"2025-01-07T19:41:12+05:00"}
{"action":"start","level":"info","msg":"Application started successfully","status":"success","time":"2025-01-07T19:43:27+05:00"}
{"action":"start","level":"info","msg":"Application started successfully","status":"success","time":"2025-01-07T19:47:50+05:00"}
{"action":"start","level":"info","msg":"Application started successfully","status":"success","time":"2025-01-07T20:08:18+05:00"}
{"action":"get_all_users","count":53,"level":"info","method":"GET","msg":"Fetched all users","time":"2025-01-07T20:08:35+05:00"}
{"action":"start","level":"info","msg":"Application started successfully","status":"success","time":"2025-01-07T20:12:55+05:00"}
{"action":"start","level":"info","msg":"Application started successfully","status":"success","time":"2025-01-07T20:15:14+05:00"}
{"action":"start","level":"info","msg":"Application started successfully","status":"success","time":"2025-01-07T20:17:15+05:00"}
{"action":"start","level":"info","msg":"Application started successfully","status":"success","time":"2025-01-07T20:19:35+05:00"}
{"action":"start","level":"info","msg":"Application started successfully","status":"success","time":"2025-01-07T23:07:47+05:00"}
{"action":"get_all_users","count":53,"level":"info","method":"GET","msg":"Fetched all users","time":"2025-01-07T23:07:57+05:00"}
{"action":"get_all_users","count":53,"level":"info","method":"GET","msg":"Fetched all users","time":"2025-01-07T23:07:59+05:00"}
{"action":"get_all_users","count":53,"level":"info","method":"GET","msg":"Fetched all users","time":"2025-01-07T23:08:01+05:00"}
